{"stats":{"minecraft:used":{"minecraft:wooden_axe":13,"minecraft:crafting_table":1},"minecraft:killed":{"minecraft:pig":1,"minecraft:chicken":1},"minecraft:mined":{"minecraft:oak_log":15,"minecraft:oak_leaves":3},"minecraft:crafted":{"minecraft:oak_planks":24,"minecraft:crafting_table":1,"minecraft:stick":4,"minecraft:wooden_axe":1},"minecraft:custom":{"minecraft:time_since_rest":118,"minecraft:deaths":1,"minecraft:crouch_one_cm":25,"minecraft:play_time":5062,"minecraft:sprint_one_cm":24289,"minecraft:damage_taken":250,"minecraft:walk_one_cm":7707,"minecraft:sneak_time":4,"minecraft:mob_kills":2,"minecraft:jump":165,"minecraft:damage_dealt":140,"minecraft:leave_game":1,"minecraft:time_since_death":84,"minecraft:total_world_time":5062,"minecraft:interact_with_crafting_table":1,"minecraft:fall_one_cm":7740,"minecraft:fly_one_cm":30705},"minecraft:picked_up":{"minecraft:chicken":1,"minecraft:porkchop":1,"minecraft:oak_log":15,"minecraft:sugar_cane":4}},"DataVersion":3700}