{"stats":{"minecraft:picked_up":{"minecraft:pink_petals":5,"minecraft:white_bed":1},"minecraft:killed":{"minecraft:zombie_villager":1},"minecraft:custom":{"minecraft:jump":184,"minecraft:time_since_rest":111,"minecraft:damage_dealt":79,"minecraft:walk_one_cm":7115,"minecraft:leave_game":2,"minecraft:play_time":6728,"minecraft:sprint_one_cm":34237,"minecraft:damage_taken":1780,"minecraft:time_since_death":84,"minecraft:deaths":4,"minecraft:sneak_time":21,"minecraft:total_world_time":6728,"minecraft:mob_kills":1,"minecraft:fall_one_cm":29335,"minecraft:fly_one_cm":56489},"minecraft:mined":{"minecraft:pink_petals":3,"minecraft:short_grass":1,"minecraft:white_bed":1,"minecraft:powder_snow":1}},"DataVersion":3700}