{
  "minecraft:recipes/decorations/crafting_table": {
    "criteria": {
      "unlock_right_away": "2024-06-13 04:23:50 +0000"
    },
    "done": true
  },
  "minecraft:adventure/adventuring_time": {
    "criteria": {
      "minecraft:snowy_slopes": "2024-06-13 04:23:51 +0000",
      "minecraft:cherry_grove": "2024-06-13 04:24:07 +0000",
      "minecraft:dripstone_caves": "2024-06-13 04:24:58 +0000",
      "minecraft:plains": "2024-06-13 04:24:24 +0000"
    },
    "done": false
  },
  "DataVersion": 3700
}